,address,zipcode,city,state,latitude,longitude,amount
0,554 University Boulevard,80206,Denver,CO,39.725119,-104.959097,737676
1,2013 South Wolcott Court,80219,Denver,CO,39.680568,-105.049294,393641
2,1919 East 25th Avenue,80205,Denver,CO,39.753372,-104.964215,385049
3,12832 Elmendorf Place,80239,Denver,CO,39.791707,-104.840523,338672
4,1459 Monaco Parkway,,,,,,
5,2296 South Lowell Boulevard,80219,Denver,CO,39.675129,-105.034554,373172
6,2627 East 7th Avenue,80206,Denver,CO,39.727598,-104.955859,3110373
7,4415 Hooker Street,80211,Denver,CO,39.777213,-105.028783,720999
8,2531 Clarkson Street,80205,Denver,CO,39.75383,-104.977277,527530
9,213 Bannock Street,80223,Denver,CO,39.719694,-104.9912,776572
10,901 21st Street,,,,,,
11,7768 East 16th Avenue,,,,,,
12,910 Downing Street,80218,Denver,CO,39.730769,-104.972633,
13,1600 East 14th Avenue,,,,,,
14,350 Park Avenue West,,,,,,
15,3599 Beeler Court,,,,,,
16,3940 West 24th Avenue,80212,Denver,CO,39.75191,-105.039251,408976
17,2450 Curtis Street,,,,,,
18,6651 East 22nd Avenue,,,,,,
19,820 Harrison Street,80206,Denver,CO,39.729535,-104.941533,878223
20,2847 Ivanhoe Street,,,,,,
21,2740 Hazel Court,80211,Denver,CO,39.75668,-105.027289,1352752
22,2251 South Bannock Street,,,,,,
23,6116 East Warren Avenue,,,,,,
24,72 Albion Street,,,,,,
25,1167 South Taos Way,80223,Denver,CO,39.695267,-105.011818,313949
26,722 East 7th Avenue,80203,Denver,CO,39.727051,-104.978399,2126953
27,1423 Elizabeth Street,80206,Denver,CO,39.738891,-104.956582,724768
28,2009 Gaylord Street,80205,Denver,CO,39.747328,-104.961319,734834
29,4960 Pecos Street,,,,,,
30,1723 West 43rd Avenue,,,,,,
31,1648 Little Raven Street,80202,Denver,CO,39.755745,-105.003788,1643666
32,277 Broadway,80203,Denver,CO,39.72051,-104.988,316525
33,2488 Decatur Street,80211,Denver,CO,39.753457,-105.02187,679715
34,4091 West Conejos Place,80204,Denver,CO,39.741644,-105.040293,768959
35,1555 Winona Court,80204,Denver,CO,39.741321,-105.047795,572464
36,3921 West Colfax Avenue,,,,,,
37,888 Logan Street,80203,Denver,CO,39.729944,-104.982125,301256
38,4100 West Colfax Avenue,80204,Denver,CO,39.739981,-105.040762,
39,3161 Wyandot Street,80211,Denver,CO,39.76189,-105.014814,384224
40,2331 West 31st Avenue,,,,,,
41,903 East 1st Avenue,80206,Denver,CO,39.717697,-104.949439,
42,4348 Orleans Court,80249,Denver,CO,39.776234,-104.737383,285149
43,2547 West Colorado Avenue,,,,,,
44,643 Elizabeth Street,80206,Denver,CO,39.726381,-104.957019,722636
45,1636 Gilpin Street,80218,Denver,CO,39.742361,-104.966863,668811
46,2505 Federal Boulevard,,,,,,
47,534 West 4th Avenue,80223,Denver,CO,39.722256,-104.995036,469019
48,2800 Walnut Street,80205,Denver,CO,39.761276,-104.983078,
49,5389 West 10th Avenue,,,,,,
50,4370 Winona Court,80212,Denver,CO,39.776125,-105.04711,701645
51,3712 Yates Street,80212,Denver,CO,39.767703,-105.050563,847853
52,3302 Lafayette Street,80205,Denver,CO,39.763401,-104.970547,839717
53,3257 South Parker Road,80014,Denver,CO,39.657774,-104.849943,
54,3438 Vine Street,80205,Denver,CO,39.765259,-104.961862,478845
55,2940 West 25th Avenue,80211,Denver,CO,39.753408,-105.024549,399992
56,2485 Curtis Street,,,,,,
57,3857 Vallejo Street,80211,Denver,CO,39.77034,-105.013826,551397
58,3939 Jason Street,80211,Denver,CO,39.771273,-104.999739,621087
59,2530 Marion Street,80210,Denver,CO,39.670739,-104.971976,526635
60,740 Lipan Street,,,,,,
61,3961 Zenobia Street,80212,Denver,CO,39.772242,-105.052374,748752
62,1343 Detroit Street,80206,Denver,CO,39.737586,-104.954262,911645
63,1234 Columbine Street,80206,Denver,CO,39.735722,-104.957111,810125
64,5260 Troy Street,80239,Denver,CO,39.790627,-104.84135,352286
65,14 South Logan Street,80209,Denver,CO,39.716208,-104.982418,
66,801 Santa Fe Drive,,,,,,
67,1547 Quince Street,,,,,,
68,2265 South Dexter Street,,,,,,
69,3323 Mariposa Street,,,,,,
70,4202 Lipan Street,80211,Denver,CO,39.774384,-105.001409,448661
71,295 South Broadway,,,,,,
72,138 Federal Boulevard,80260,Federal Heights,CO,39.874572,-105.019027,43902
73,6962 East 30th Avenue,,,,,,
74,3116 Newton Street,80211,Denver,CO,39.761579,-105.036653,1176900
75,1755 Central Street,80211,Denver,CO,39.760032,-105.007494,
76,8113 East 53rd Drive,,,,,,
77,1235 South Corona Street,80210,Denver,CO,39.694039,-104.974907,578540
78,2222 West 39th Avenue,,,,,,
79,1316 Yates Street,80204,Denver,CO,39.737138,-105.050627,415153
80,9075 East Mississippi Avenue,80247,Denver,CO,39.697328,-104.885183,
81,20942 East Randolph Place,,,,,,
82,3242 West 28th Avenue,80211,Denver,CO,39.757095,-105.029733,398752
83,685 South Bryant Street,80219,Denver,CO,39.704228,-105.018366,452032
84,2246 Washington Street,80205,Denver,CO,39.750372,-104.97781,439113
85,2215 Court Place,80241,Thornton,CO,39.927479,-104.960351,376966
86,7096 East Ohio Drive,,,,,,
87,648 Columbine Street,80206,Denver,CO,39.726543,-104.957528,1320457
88,1252 South Bellaire Street,,,,,,
89,2942 West 3rd Avenue,80219,Denver,CO,39.720888,-105.024312,347278
90,3939 West 25th Avenue,80212,Denver,CO,39.754159,-105.039107,695270
91,3115 Vine Street,80205,Denver,CO,39.761014,-104.96255,503085
92,4424 Vallejo Street,80211,Denver,CO,39.777053,-105.013156,509037
93,940 Lincoln Street,,,,,,
94,4141 West 30th Avenue,80212,Denver,CO,39.760546,-105.041407,1407023
95,1 Polo Club Lane,80209,Denver,CO,39.707073,-104.955692,4097566
96,1925 Hooker Street,80204,Denver,CO,39.747143,-105.02871,596631
97,5017 West 41st Avenue,80212,Denver,CO,39.773083,-105.051354,301209
98,719 East 17th Avenue,80203,Denver,CO,39.743007,-104.983102,
99,22 Jackson Street,80206,Denver,CO,39.716695,-104.942191,
100,4121 South Valentia Street,,,,,,
101,4000 South Uinta Street,,,,,,
102,2353 Washington Street,80205,Denver,CO,39.751436,-104.978274,647818
103,3459 Shoshone Street,80211,Denver,CO,39.7655,-105.009928,662407
104,3882 South Jasmine Street,,,,,,
105,2515 Lawrence Street,80205,Denver,CO,39.757402,-104.985579,1188361
106,1090 East Colorado Avenue,,,,,,
107,719 Clermont Street,,,,,,
108,2111 East Dartmouth Avenue,80210,Denver,CO,39.660604,-104.963682,866958
109,6654 East 16th Avenue,,,,,,
110,1440 Gaylord Street,80206,Denver,CO,39.739214,-104.960655,858491
111,188 Xavier Street,80219,Denver,CO,39.720081,-105.048851,398318
112,1071 Washington Street,80203,Denver,CO,39.733319,-104.979162,309496
113,1420 Stout Street,,,,,,
114,4881 North Dunkirk Street,,,,,,
115,3211 Clayton Street,80205,Denver,CO,39.76226,-104.955215,460580
116,4967 Quitman Street,80212,Denver,CO,39.786452,-105.040726,390575
117,4158 Wyandot Street,80211,Denver,CO,39.773966,-105.01438,500846
118,146 West Irvington Place,80223,Denver,CO,39.717211,-104.990417,809694
119,1236 Emerson Street,,,,,,
120,909 East 25th Avenue,80205,Denver,CO,39.753444,-104.975516,596782
121,1350 Franklin Street,80218,Denver,CO,39.737762,-104.968107,1314703
122,720 Elizabeth Street,80206,Denver,CO,39.727758,-104.95639,533837
123,1588 Detroit Street,80206,Denver,CO,39.741845,-104.954435,831395
124,4710 East Jewell Avenue,80222,Denver,CO,39.681856,-104.933557,406905
125,2246 Larimer Street,80205,Denver,CO,39.755287,-104.989024,
126,3349 Humboldt Street,80205,Denver,CO,39.764243,-104.969798,
127,3021 South Grape Way,80222,Denver,CO,39.664063,-104.924839,451779
128,2835 Stout Street,80205,Denver,CO,39.757753,-104.978149,442750
129,136 Kalamath Street,,,,,,
130,3949 East 17th Avenue,,,,,,
131,1750 Wewatta Street,80202,Denver,CO,39.754336,-105.000525,417280
132,539 Bannock Street,80204,Denver,CO,39.724888,-104.991208,598162
133,2380 South Quitman Street,80219,Denver,CO,39.673957,-105.040336,408159
134,3331 Tejon Street,80211,Denver,CO,39.763874,-105.011529,557294
135,9824 South Fulton Street,,,,,,
136,556 South Sherman Street,80209,Denver,CO,39.706454,-104.984824,878280
137,6923 West Yale Avenue,,,,,,
138,1956 South Leyden Street,,,,,,
139,1694 Xanthia Street,80220,Denver,CO,39.743655,-104.886667,420221
140,1700 East Colfax Avenue,,,,,,
141,2841 Stout Street,80205,Denver,CO,39.75785,-104.978024,436113
142,45 Ogden Street,80218,Denver,CO,39.717443,-104.976255,477703
143,1382 West Ada Place,,,,,,
144,849 South Osage Street,80223,Denver,CO,39.700456,-105.003809,350669
145,2162 East 28th Avenue,,,,,,
146,1169 Colorado Boulevard,80206,Denver,CO,39.734908,-104.94104,
147,4829 North Halifax Court,80249,Denver,CO,39.78482,-104.756918,364675
148,1721 Boulder Street,80211,Denver,CO,39.760686,-105.009062,1198486
149,7428 Richthofen Place,,,,,,
150,526 Delaware Street,80204,Denver,CO,39.724676,-104.992461,438004
151,2725 South Harrison Street,80210,Denver,CO,39.666859,-104.94207,447799
152,2724 South Garfield Street,80210,Denver,CO,39.666891,-104.943495,458376
153,789 Ivanhoe Street,,,,,,
154,844 Meade Street,80204,Denver,CO,39.729992,-105.035875,
155,1800 South Clarkson Street,80210,Denver,CO,39.683784,-104.977868,444489
156,1645 Stout Street,,,,,,
157,950 Quitman Street,80204,Denver,CO,39.732413,-105.040236,386585
158,5747 East Bayaud Avenue,,,,,,
159,2400 East Asbury Avenue,80210,Denver,CO,39.679823,-104.957247,
160,698 East Virginia Avenue,,,,,,
161,2211 South Gilpin Street,80210,Denver,CO,39.676347,-104.967907,824533
162,5630 Martin Luther King Jr Boulevard,,,,,,
163,752 South Wolcott Court,80219,Denver,CO,39.703141,-105.04915,320107
164,300 East 9th Avenue,,,,,,
165,5011 Quitman Street,80212,Denver,CO,39.787709,-105.040729,968099
166,3722 Tejon Street,80211,Denver,CO,39.768487,-105.010861,515844
167,68 Lincoln Street,80203,Denver,CO,39.717758,-104.985871,
168,5098 Newton Street,80221,Denver,CO,39.789046,-105.03661,
169,3809 Winona Court,80212,Denver,CO,39.769756,-105.047717,1207291
170,4051 West Conejos Place,80204,Denver,CO,39.742044,-105.04002,880374
171,1320 Monroe Street,,,,,,
172,2627 East 7th Avenue,80206,Denver,CO,39.727598,-104.955859,3110373
173,9039 East Girard Avenue,,,,,,
174,5262 East Mississippi Avenue,,,,,,
175,3501 Josephine Street,80205,Denver,CO,39.7659,-104.958917,562665
176,648 Columbine Street,80206,Denver,CO,39.726543,-104.957528,1320457
177,5709 Ceylon Street,80249,Denver,CO,39.802074,-104.765042,293414
178,1431 Lafayette Street,80218,Denver,CO,39.739,-104.971014,687221
179,950 Tennyson Street,80204,Denver,CO,39.732432,-105.043488,392505
180,4624 East 1st Avenue,,,,,,
181,4800 South Dudley Street,80123,Denver,CO,39.631466,-105.09495,
182,3361 Mariposa Street,80211,Denver,CO,39.764312,-105.0033,831552
183,2435 West 33rd Avenue,80211,Denver,CO,39.763468,-105.016723,1189935
184,1104 South Jackson Street,80209,Denver,CO,39.709656,-104.942726,
185,530 West 1st Avenue,80223,Denver,CO,39.718107,-104.994802,631484
186,323 South Pearl Street,,,,,,
187,3645 West Alice Place,80211,Denver,CO,39.781378,-105.035576,537158
188,2139 18th Street,80202,Denver,CO,39.757895,-105.0035,1889961
189,931 South Pennsylvania Street,80209,Denver,CO,39.699619,-104.981882,770266
190,543 South Pennsylvania Street,80209,Denver,CO,39.706685,-104.98193,654012
191,1200 Colorado Boulevard,80206,Denver,CO,39.734966,-104.940244,295738
192,2649 West 24th Avenue,80211,Denver,CO,39.752611,-105.020339,547322
193,840 South Raritan Street,80223,Denver,CO,39.700695,-105.008459,384834
194,4321 Osage Street,80211,Denver,CO,39.7759,-105.005637,519154
195,1227 South Eudora Street,,,,,,
196,2816 West 25th Avenue,80211,Denver,CO,39.753273,-105.022665,751436
197,3501 Vallejo Street,80211,Denver,CO,39.765794,-105.013119,718401
198,823 East 25th Avenue,,,,,,
199,2330 Marion Street,80205,Denver,CO,39.751318,-104.971765,919417
200,3830 Williams Street,80205,Denver,CO,39.770634,-104.965566,424324
201,4165 West 4th Avenue,,,,,,
202,4226 East 29th Avenue,,,,,,
203,3109 Stout Street,80205,Denver,CO,39.760257,-104.974799,
204,1840 Race Street,80206,Denver,CO,39.74558,-104.963122,456440
205,3131 West 17th Avenue,80204,Denver,CO,39.744229,-105.027719,610397
206,1114 West 7th Avenue,,,,,,
207,1900 Grant Street,80210,Denver,CO,39.681987,-104.983718,459085
208,330 Santa Fe Drive,80223,Denver,CO,39.721602,-104.998285,558502
209,2001 Grove Street,80211,Denver,CO,39.747786,-105.027119,393514
210,4576 Elm Court,80211,Denver,CO,39.779783,-105.0225,456705
211,2261 Broadway,,,,,,
212,3547 Steele Street,,,,,,
213,6074 East Exposition Avenue,,,,,,
214,1018 Dahlia Street,,,,,,
215,4180 Xavier Street,80212,Denver,CO,39.774427,-105.049451,821354
216,1444 South Vrain Way,,,,,,
217,678 South Gilpin Street,,,,,,
218,2730 West Florida Avenue,80219,Denver,CO,39.689245,-105.021036,345859
219,2023 Eliot Street,80211,Denver,CO,39.748191,-105.023935,559722
220,3174 West 10th Avenue,,,,,,
221,2737 West Bayaud Avenue,80219,Denver,CO,39.715066,-105.021499,336118
222,3632 Williams Street,80205,Denver,CO,39.76756,-104.965629,379866
223,2200 Tremont Place,80205,Denver,CO,39.748956,-104.98186,592614
224,2927 Adams Street,,,,,,
225,859 Emerson Street,80218,Denver,CO,39.730155,-104.976738,943310
226,1802 West 39th Avenue,80211,Denver,CO,39.770259,-105.008282,690707
227,2904 West 24th Avenue,80211,Denver,CO,39.752139,-105.023787,553717
228,405 East 1st Avenue,80203,Denver,CO,39.718556,-104.982336,594893
229,2104 Gaylord Street,80205,Denver,CO,39.748421,-104.960647,518339
230,4699 Kittredge Street,80239,Denver,CO,39.777984,-104.804293,
231,5015 Shoshone Street,80221,Denver,CO,39.787865,-105.010456,342616
232,106 West Irvington Place,80223,Denver,CO,39.717216,-104.989489,792461
233,4344 Xavier Street,80212,Denver,CO,39.775606,-105.049455,441998
234,2947 Clermont Street,80207,Denver,CO,39.759334,-104.935324,478333
235,1485 Saint Paul Street,80206,Denver,CO,39.739819,-104.950956,640460
236,2040 Park Place,80205,Denver,CO,39.748677,-104.962489,823047
237,2622 West 24th Avenue,80211,Denver,CO,39.752218,-105.020068,590372
238,485 Zenobia Street,80204,Denver,CO,39.723699,-105.052393,400696
239,20905 East 40th Avenue,,,,,,
240,20851 East 40th Avenue,80249,Denver,CO,39.771233,-104.744462,363792
241,1550 West Maple Avenue,80223,Denver,CO,39.713698,-105.009904,304957
242,3737 East 1st Avenue,,,,,,
243,4610 Raleigh Street,80212,Denver,CO,39.780502,-105.041243,772025
244,4879 N Ceylon Way,,,,,,
245,2572 South Pennsylvania Street,,,,,,
246,416 West 4th Avenue,80223,Denver,CO,39.722256,-104.993257,677929
247,270 Delaware Street,80223,Denver,CO,39.720612,-104.9926,379795
248,2500 Raleigh Street,80212,Denver,CO,39.754077,-105.041348,527175
249,2151 Larimer Street,,,,,,
250,5877 West Marquette Drive,,,,,,
251,520 Cook Street,80206,Denver,CO,39.72455,-104.947026,
252,1526 Williams Street,80218,Denver,CO,39.740529,-104.965644,595353
253,2500 Arapahoe Street,80205,Denver,CO,39.756286,-104.984262,1768291
254,8524 East 13th Avenue,,,,,,
255,1501 Wazee Street,80202,Denver,CO,39.750746,-105.001137,
256,2874 Dahlia Street,,,,,,
257,3519 Zuni Street,80211,Denver,CO,39.766073,-105.016264,529015
258,465 Fillmore Street,80206,Denver,CO,39.723819,-104.953777,1783307
259,3275 Fillmore Street,80205,Denver,CO,39.762321,-104.953983,402651
260,3541 Locust Street,80207,Denver,CO,39.766491,-104.914403,408044
261,2762 East 33rd Avenue,,,,,,
262,3731 Osage Street,80211,Denver,CO,39.768561,-105.005565,687825
263,3126 West 18th Avenue,80204,Denver,CO,39.744668,-105.027745,
264,3143 West 26th Avenue,80211,Denver,CO,39.755143,-105.027398,661671
265,4737 Beach Court,80211,Denver,CO,39.782707,-105.018491,431386
266,1370 Pennsylvania Street,80203,Denver,CO,39.738042,-104.980727,
267,2811 West 1st Avenue,80219,Denver,CO,39.718726,-105.02313,341597
268,5011 Perth Court,,,,,,
269,1460 High Street,80218,Denver,CO,39.739564,-104.964388,
270,1607 Gilpin Street,80218,Denver,CO,39.741829,-104.967554,
271,3432 East Mississippi Avenue,,,,,,
272,2707 Dexter Street,80222,Denver,CO,39.66818,-104.932827,540892
273,4575 West Dakota Avenue,80219,Denver,CO,39.70997,-105.046989,429466
274,625 East 16th Avenue,,,,,,
275,511 South Stuart Street,80219,Denver,CO,39.707598,-105.04352,316791
276,5000 Martin Luther King Jr Boulevard,,,,,,
277,2814 West 25th Avenue,80211,Denver,CO,39.753272,-105.022587,616495
278,3875 West 6th Avenue South Drive,,,,,,
279,1385 Quitman Street,80219,Denver,CO,39.691601,-105.041329,307128
280,7908 East Hampden Avenue,,,,,,
281,4890 Chase Street,80212,Denver,CO,39.785493,-105.056389,331831
282,628 Clayton Street,80206,Denver,CO,39.726173,-104.955207,648037
283,6599 East 38th Avenue,,,,,,
284,5955 East Alameda Avenue,,,,,,
285,2631 West 1st Avenue,80219,Denver,CO,39.718612,-105.019353,324531
286,176 Bryant Street,,,,,,
287,2550 West 2nd Avenue,,,,,,
288,3188 West 48th Avenue,,,,,,
289,3047 Welton Street,80205,Denver,CO,39.758427,-104.973834,
290,531 South Alcott Street,80219,Denver,CO,39.706661,-105.017229,344216
291,5201 North Odessa Street,,,,,,
292,3647 West Arkansas Avenue,,,,,,
293,1241 York Street,80206,Denver,CO,39.735839,-104.96013,791213
294,2740 Adams Street,80205,Denver,CO,39.756604,-104.94846,570874
295,3729 Irving Street,80211,Denver,CO,39.768022,-105.030251,812721
296,1355 South Niagara Street,,,,,,
297,3730 Bryant Street,80211,Denver,CO,39.768667,-105.018625,438915
298,5895 East 30th Avenue,,,,,,
299,13130 East 55th Avenue,80239,Denver,CO,39.792995,-104.83497,340859
300,1890 Wynkoop Street,80202,Denver,CO,39.754268,-104.997317,531559
301,3101 Blake Street,80205,Denver,CO,39.765641,-104.980298,
302,1325 South Meade Street,80219,Denver,CO,39.692597,-105.035855,356969
303,3409 Gilpin Street,80205,Denver,CO,39.76478,-104.967423,615812
304,1280 South Lowell Boulevard,80219,Denver,CO,39.693502,-105.034011,372542
305,1240 South Lowell Boulevard,80219,Denver,CO,39.694151,-105.034043,345054
306,1431 Lafayette Street,80218,Denver,CO,39.739,-104.971014,687221
307,1453 Williams Street,80218,Denver,CO,39.7394,-104.966334,1281592
308,4058 Pecos Street,80211,Denver,CO,39.772869,-105.006189,364551
309,20 South Parker Road,80231,Denver,CO,39.695157,-104.893637,119331
310,4310 Iran Street,,,,,,
311,1048 Mariposa Street,80204,Denver,CO,39.733038,-105.002447,669316
312,2206 East 31st Avenue,,,,,,
313,4241 Thompson Court,80216,Denver,CO,39.775934,-104.954969,268947
314,518 South Quitman Street,80219,Denver,CO,39.707659,-105.040512,310338
315,1266 Vrain Street,80204,Denver,CO,39.736467,-105.046378,1162505
316,4331 East 7th Avenue,,,,,,
317,5049 Perry Street,80212,Denver,CO,39.788292,-105.039568,533242
318,20320 East 49th Avenue,80249,Denver,CO,39.770494,-104.751832,354107
319,3890 West 14th Avenue,80204,Denver,CO,39.738291,-105.037804,456686
320,4218 East 11th Avenue,,,,,,
321,3828 West 24th Avenue,80211,Denver,CO,39.751871,-105.037566,522673
322,4037 West 5th Avenue,,,,,,
323,2505 West 2nd Avenue,,,,,,
324,2498 West 2nd Avenue,,,,,,
325,2727 West 2nd Avenue,,,,,,
326,251 Logan Street,80203,Denver,CO,39.720348,-104.982928,
327,4725 Wyandot Street,80211,Denver,CO,39.781924,-105.014574,459045
328,3212 Stuart Street,80212,Denver,CO,39.762335,-105.042615,1025369
329,456 Washington Street,80203,Denver,CO,39.723548,-104.978418,978927
330,2020 Hooker Street,80211,Denver,CO,39.747857,-105.028111,465422
331,2602 West 24th Avenue,80211,Denver,CO,39.752207,-105.019332,768355
332,1600 South Sherman Street,80210,Denver,CO,39.687414,-104.984824,629210
333,1248 Columbine Street,80206,Denver,CO,39.736085,-104.95711,876316
334,2036 Larimer Street,80205,Denver,CO,39.753256,-104.991654,841855
335,1360 West Gill Place,80223,Denver,CO,39.704621,-105.005439,402424
336,1440 18th Street,,,,,,
337,3214 Gaylord Street,80205,Denver,CO,39.762353,-104.960645,584508
338,1670 Vrain Street,80204,Denver,CO,39.743376,-105.045998,686138
339,3415 Bryant Street,80211,Denver,CO,39.764801,-105.019221,620290
340,1634 Downing Street,,,,,,
341,2894 Eudora Street,80207,Denver,CO,39.760021,-104.930217,432951
342,134 East Virginia Avenue,,,,,,
343,444 South Lincoln Street,80209,Denver,CO,39.708476,-104.986043,480117
344,2682 East 31st Avenue,,,,,,
345,7054 East 36th Avenue,,,,,,
346,3456 Mariposa Street,80211,Denver,CO,39.76551,-105.002629,861873
347,3101 West 31st Avenue,,,,,,
348,4628 South Kipling Street,,,,,,
349,4040 West 50th Avenue,80212,Denver,CO,39.787202,-105.040264,398612
350,3971 West Kenyon Avenue,80236,Denver,CO,39.6506,-105.041445,380897
351,1555 Stuart Street,,,,,,
352,3699 West Louisiana Avenue,,,,,,
353,3222 West 30th Avenue,80211,Denver,CO,39.76005,-105.028737,645523
354,1723 East 25th Avenue,80205,Denver,CO,39.753501,-104.966449,479461
355,460 South Alcott Street,80219,Denver,CO,39.70831,-105.016581,378840
356,1746 Uinta Street,,,,,,
357,2641 West 23rd Avenue,80211,Denver,CO,39.751581,-105.020226,335003
358,5680 East 36th Avenue,,,,,,
359,1801 South Ogden Street,80210,Denver,CO,39.683815,-104.97608,627831
360,779 Bellaire Street,,,,,,
361,3153 Larimer Street,,,,,,
362,118 South Newton Street,80219,Denver,CO,39.714332,-105.036921,455200
363,18971 Mitchell Place,80249,Denver,CO,39.775537,-104.766004,459889
364,1428 York Street,80206,Denver,CO,39.738998,-104.95948,624749
365,1893 Vine Street,80206,Denver,CO,39.746391,-104.962427,482392
366,3655 Zenobia Street,80212,Denver,CO,39.767177,-105.052929,343763
367,1852 15th Street,,,,,,
368,4513 West Wyoming Place,,,,,,
369,450 South Lafayette Street,80209,Denver,CO,39.708143,-104.970712,700004
370,840 Lincoln Street,,,,,,
371,4158 Zuni Street,80211,Denver,CO,39.77398,-105.015526,439962
372,2952 West Denver Place,80211,Denver,CO,39.769967,-105.02416,447708
373,808 West 13th Avenue,,,,,,
374,1247 South Garfield Street,,,,,,
375,1012 South Downing Street,,,,,,
376,1243 Gaylord Street,80206,Denver,CO,39.735903,-104.961369,
377,5202 Federal Boulevard,80221,Denver,CO,39.791359,-105.024715,
378,3053 West 28th Avenue,80211,Denver,CO,39.757586,-105.026513,637079
379,4990 Perry Street,80212,DENVER,CO,39.787208,-105.03894,
380,1777 West 38th Avenue,,,,,,
381,2899 Ivanhoe Street,,,,,,
382,2248 Dahlia Street,,,,,,
383,4257 Green Court,80211,Denver,CO,39.775863,-105.026752,515852
384,3191 South Holly Place,80222,Denver,CO,39.658232,-104.919839,436088
385,4518 Beach Court,80211,Denver,CO,39.778233,-105.01788,705913
386,3400 West Warren Avenue,80219,Denver,CO,39.677116,-105.031043,300417
387,421 25th Street,80205,Denver,CO,39.752122,-104.979072,652522
388,2352 Federal Boulevard,80211,Denver,CO,39.752211,-105.024867,565681
389,2090 South Wolff Street,80219,Denver,CO,39.679371,-105.047675,424925
390,1745 Irving Street,80204,Denver,CO,39.745004,-105.030342,468262
391,1471 Josephine Street,80206,Denver,CO,39.739602,-104.959061,746411
392,2430 West 32nd Avenue,,,,,,
393,2620 South Garfield Way,80210,Denver,CO,39.668753,-104.94423,705226
394,3016 Meade Street,80211,Denver,CO,39.760712,-105.035472,807469
395,1118 Mariposa Street,80204,Denver,CO,39.734084,-105.002461,431018
396,2401 East Warren Avenue,,,,,,
397,9115 East Oxford Drive,80237,Denver,CO,39.641665,-104.883173,326409
398,1579 South Albion Street,,,,,,
399,1460 Little Raven Street,80202,Denver,CO,39.753952,-105.006534,
400,537 West 8th Avenue,80204,Denver,CO,39.729087,-104.995057,388579
401,4848 Bryant Street,80221,Denver,CO,39.78479,-105.018972,362786
402,2590 Gaylord Street,80205,Denver,CO,39.75427,-104.960627,603762
403,1733 Grove Street,80204,Denver,CO,39.744716,-105.027175,784902
404,6401 East Dickenson Place,80222,Denver,CO,39.672505,-104.913781,507589
405,3045 West 28th Avenue,80211,Denver,CO,39.757585,-105.026333,890210
406,670 South Bryant Street,80219,Denver,CO,39.704464,-105.017745,396442
407,3484 Newport Street,,,,,,
408,3811 Wyandot Street,80211,Denver,CO,39.769543,-105.014998,561767
409,1440 Josephine Street,80206,Denver,CO,39.739135,-104.958364,838230
410,2449 East 14th Avenue,80206,Denver,CO,39.738623,-104.95812,746407
411,3305 Larimer Street,,,,,,
412,2641 West 23rd Avenue,80211,Denver,CO,39.751581,-105.020226,335003
413,1653 Fairfax Street,80220,Denver,CO,39.742923,-104.928975,772900
414,5094 Meade Street,80221,Denver,CO,39.78908,-105.035449,493180
415,898 South Grape Street,80246,Denver,CO,39.700075,-104.924893,640015
416,2325 Eliot Street,80211,Denver,CO,39.75174,-105.024113,536357
417,2332 Decatur Street,80211,Denver,CO,39.751872,-105.021891,686815
418,4488 Pecos Street,80211,Denver,CO,39.777799,-105.006085,518591
419,175 South Pearl Street,80209,Denver,CO,39.713413,-104.980703,771124
420,4734 Vasquez Boulevard,,,,,,
421,2193 South Holly Street,,,,,,
422,2870 South Sidney Court,,,,,,
423,3737 Perry Street,80212,Denver,CO,39.768302,-105.039631,515752
424,924 33rd Street,80205,Denver,CO,39.762686,-104.974085,525490
425,3247 West 19th Avenue,80204,Denver,CO,39.746652,-105.029536,1024907
426,2937 Quebec Street,80207,Denver,CO,39.752044,-104.903775,362201
427,1959 South Clarkson Street,80210,Denver,CO,39.68104,-104.978481,599325
428,1733 Williams Street,80218,Denver,CO,39.743763,-104.965984,
429,1402 Pearl Street,80203,Denver,CO,39.718763,-104.979765,289716
430,703 Leyden Street,,,,,,
431,5663 East 36th Avenue,,,,,,
432,1066 Fillmore Street,80206,Denver,CO,39.733357,-104.952566,469019
433,3124 West 23rd Avenue,80211,Denver,CO,39.750912,-105.027581,565614
434,1471 East Asbury Avenue,,,,,,
435,2899 South Sebring Court,,,,,,
436,1400 South Vine Street,80210,Denver,CO,39.690977,-104.962575,1062884
437,8010 East Linvale Place,80231,Denver,CO,39.666761,-104.896584,466895
438,5388 Netherlands Street,,,,,,
439,1057 South Cook Street,,,,,,
440,575 Grape Street,,,,,,
441,1801 East 24th Avenue,80205,Denver,CO,39.752153,-104.96574,757674
442,2451 Downing Street,80205,Denver,CO,39.753013,-104.973641,330633
443,21377 East 53rd Place,,,,,,
444,2401 Welton Street,,,,,,
445,1031 Lowell Boulevard,80204,Denver,CO,39.733612,-105.034951,634910
446,3340 Josephine Street,80205,Denver,CO,39.764016,-104.958193,500563
447,20313 East 49th Avenue,,,,,,
448,1517 East 31st Avenue,80205,Denver,CO,39.760992,-104.969113,622824
449,1749 West 33rd Avenue,80211,Denver,CO,39.763393,-105.007724,1271803
450,3710 Humboldt Street,80205,Denver,CO,39.768401,-104.969255,439725
451,4539 Shoshone Street,80211,Denver,CO,39.778636,-105.010818,380385
452,4511 Shoshone Street,80211,Denver,CO,39.778067,-105.01082,385122
453,928 Tennyson Street,80204,Denver,CO,39.731637,-105.043484,467897
454,4736 Saint Paul Court,,,,,,
455,7362 Batavia Place,,,,,,
456,1331 17th Street,,,,,,
457,2640 Raleigh Street,80212,Denver,CO,39.755596,-105.041349,699297
458,3031 Monroe Street,80210,Denver,CO,39.662052,-104.945677,1066464
459,3255 South Parker Road,80014,Denver,CO,39.657698,-104.850155,
460,40 Steele Street,80209,Denver,CO,39.708998,-104.949273,1647501
461,2534 East 36th Avenue,,,,,,
462,2133 Franklin Street,,,,,,
463,2728 Larimer Street,,,,,,
464,2952 West Denver Place,80211,Denver,CO,39.769967,-105.02416,447708
465,2821 West 25th Avenue,80211,Denver,CO,39.753921,-105.022763,611439
466,2030 South Ogden Street,,,,,,
467,2701 West 32nd Avenue,,,,,,
468,1020 East 22nd Avenue,80205,Denver,CO,39.749263,-104.962946,522467
469,3240 Ivy Street,,,,,,
470,1317 Jackson Street,80206,Denver,CO,39.737186,-104.943066,584141
471,1200 South Sherman Street,80210,Denver,CO,39.694614,-104.984756,765500
472,365 Cook Street,80206,Denver,CO,39.722169,-104.947715,1187936
473,2361 South Humboldt Street,80210,Denver,CO,39.67376,-104.970256,1166913
474,4455 West Colfax Avenue,80204,Denver,CO,39.740348,-105.044656,
475,1135 West 40th Avenue,80211,Denver,CO,39.771939,-105.000239,1183220
476,3706 East Bruce Randolph Avenue,,,,,,
477,3439 West 24th Avenue,80211,Denver,CO,39.752687,-105.032503,630203
478,1809 South Dahlia Street,,,,,,
479,265 Stuart Street,80219,Denver,CO,39.721016,-105.043625,389233
480,341 Raleigh Street,80219,Denver,CO,39.722155,-105.042451,338178
481,3196 East 33rd Avenue,,,,,,
482,1360 South Newton Street,80219,Denver,CO,39.692108,-105.036397,312273
483,2056 East 47th Avenue,,,,,,
484,3162 West 27th Avenue,80211,Denver,CO,39.7557,-105.028241,531930
485,2370 South Madison Street,80210,Denver,CO,39.673538,-104.946212,735865
486,3087 Colorado Boulevard,,,,,,
487,920 Pennsylvania Street,80203,Denver,CO,39.730899,-104.980667,1466070
488,1356 32nd Street,,,,,,
489,2201 Lawrence Street,,,,,,
490,4 South Parker Road,80231,Denver,CO,39.694117,-104.893101,129860
491,4 South Parker Road,80231,Denver,CO,39.694117,-104.893101,129860
492,1833 Verbena Street,,,,,,
493,1823 Verbena Street,80220,Denver,CO,39.746118,-104.890836,495721
494,2526 Spruce Street,,,,,,
495,3521 Raleigh Street,80212,Denver,CO,39.766218,-105.041965,489795
496,3954 Ireland Street,,,,,,
497,7593 East Technology Way,80237,Denver,CO,39.63137,-104.9006,
498,3937 Umatilla Street,80211,Denver,CO,39.771234,-105.012678,672960
499,137 South Ogden Street,80209,Denver,CO,39.713948,-104.97607,867374
500,2505 West 8th Avenue,,,,,,
501,3899 East 13th Avenue,,,,,,
502,1865 South Dale Court,,,,,,
503,9426 East Girard Avenue,80231,Denver,CO,39.653692,-104.879454,287623
504,1300 East 21st Avenue,80205,Denver,CO,39.747881,-104.972059,4358892
505,3511 Lowell Boulevard,80211,Denver,CO,39.766094,-105.034952,528806
506,261 Fox Street,80223,Denver,CO,39.720495,-104.995493,687839
507,2935 West 2nd Avenue,80219,Denver,CO,39.720534,-105.024183,360693
508,2715 Elizabeth Street,80205,Denver,CO,39.756046,-104.956487,742288
509,1266 South Vine Street,80210,Denver,CO,39.69352,-104.962567,1068147
510,2754 South Vine Street,80210,Denver,CO,39.666712,-104.963076,739149
511,1782 East 48th Avenue,,,,,,
512,4231 Osceola Street,80212,Denver,CO,39.774364,-105.038414,562992
513,3921 West Colfax Avenue,,,,,,
514,1330 Elizabeth Street,80206,Denver,CO,39.737223,-104.955961,280203
515,4 South Parker Road,80231,Denver,CO,39.694117,-104.893101,129860
516,126 Acoma Street,,,,,,
517,501 South Ogden Street,80209,Denver,CO,39.707335,-104.975948,778944
518,2748 Fillmore Street,80205,Denver,CO,39.756665,-104.953297,671628
519,208 Lowell Boulevard,,,,,,
520,930 15th Street,,,,,,
521,5436 East 4th Avenue,,,,,,
522,3426 Osceola Street,80212,Denver,CO,39.76549,-105.037838,579715
523,440 East Colfax Avenue,80203,Denver,CO,39.739909,-104.981535,
524,3934 Raleigh Street,80212,Denver,CO,39.771643,-105.041296,615199
525,6983 East Girard Avenue,80224,Denver,CO,39.655895,-104.906514,388361
526,2530 West 35th Avenue,80211,Denver,CO,39.765093,-105.018123,436972
527,2477 South Josephine Street,80210,Denver,CO,39.671633,-104.958344,1383084
528,2390 South University Boulevard,,,,,,
529,2477 South Josephine Street,80210,Denver,CO,39.671633,-104.958344,1383084
530,2483 South Josephine Street,80210,Denver,CO,39.671496,-104.958344,2094558
531,2477 South Josephine Street,80210,Denver,CO,39.671633,-104.958344,1383084
532,2395 East Wesley Avenue,80210,Denver,CO,39.673203,-104.958466,756606
533,2401 South Josephine Street,80210,Denver,CO,39.672867,-104.958344,492280
534,2512 South University Boulevard,,,,,,
535,2393 South Josephine Street,80210,Denver,CO,39.673202,-104.958205,1544623
536,2374 East Harvard Avenue,,,,,,
537,2393 South Josephine Street,80210,Denver,CO,39.673202,-104.958205,1544623
538,2395 East Wesley Avenue,80210,Denver,CO,39.673203,-104.958466,756606
539,2457 South Josephine Street,80210,Denver,CO,39.671908,-104.958343,1256224
540,2411 South Josephine Street,80210,Denver,CO,39.672733,-104.958343,663789
541,2432 South Josephine Street,80210,Denver,CO,39.672326,-104.957562,1352072
542,2501 South Josephine Street,80210,Denver,CO,39.671061,-104.958345,681662
543,2471 South Josephine Street,80210,Denver,CO,39.67177,-104.958343,1324021
544,2393 South Josephine Street,80210,Denver,CO,39.673202,-104.958205,1544623
545,2350 East Harvard Avenue,,,,,,
546,2477 South Josephine Street,80210,Denver,CO,39.671633,-104.958344,1383084
547,2374 East Harvard Avenue,,,,,,
548,2483 South Josephine Street,80210,Denver,CO,39.671496,-104.958344,2094558
549,2395 East Wesley Avenue,80210,Denver,CO,39.673203,-104.958466,756606
550,2427 South Josephine Street,80210,Denver,CO,39.672468,-104.958353,1407821
551,2430 Franklin Street,80205,Denver,CO,39.752527,-104.968052,560612
552,5423 Verbena Street,,,,,,
553,101 Logan Street,80203,Denver,CO,39.718471,-104.98293,
554,1917 Chestnut Place,80202,Denver,CO,39.757504,-104.999386,
555,520 East 5th Avenue,80203,Denver,CO,39.723935,-104.980244,535022
556,461 South Logan Street,80209,Denver,CO,39.708213,-104.983206,611169
557,575 Humboldt Street,80218,Denver,CO,39.725076,-104.969749,1214880
558,1826 East 33rd Avenue,80205,Denver,CO,39.763031,-104.965154,540441
559,500 Galapago Street,,,,,,
560,3061 Curtis Street,80205,Denver,CO,39.761277,-104.976995,322334
561,60 Grant Street,80203,Denver,CO,39.717641,-104.983546,682477
562,3615 High Street,80205,Denver,CO,39.767274,-104.965047,406395
563,203 Sherman Street,80203,Denver,CO,39.719518,-104.985275,750733
564,2934 Hooker Street,80211,Denver,CO,39.759177,-105.027829,532674
565,2935 West Park Place,80219,Denver,CO,39.719622,-105.024188,375141
566,3705 Tejon Street,80211,Denver,CO,39.768214,-105.011522,707619
567,19967 Mitchell Place,,,,,,
568,490 Galapago Street,,,,,,
569,21034 East Randolph Place,,,,,,
570,4510 Xavier Street,80212,Denver,CO,39.778655,-105.049451,602883
571,13100 Andrews Drive,80239,Denver,CO,39.785998,-104.836678,339183
572,2826 East 3rd Avenue,80206,Denver,CO,39.720754,-104.953908,
573,2045 Franklin Street,,,,,,
574,3836 High Street,80205,Denver,CO,39.770782,-104.964351,397938
575,4167 West 14th Avenue,,,,,,
576,1400 Gilpin Street,80218,Denver,CO,39.738569,-104.966861,
577,225 South Harrison Street,80209,Denver,CO,39.712665,-104.941718,
578,3104 Colorado Boulevard,,,,,,
579,6941 East 36th Avenue,,,,,,
580,4583 Elm Court,80211,Denver,CO,39.780008,-105.023134,733478
581,3035 West 16th Avenue,80204,Denver,CO,39.743014,-105.026466,
582,421 Josephine Street,80206,Denver,CO,39.722991,-104.9586,670402
583,742 West 5th Avenue,80204,Denver,CO,39.723927,-104.997129,298811
584,359 Fox Street,80223,Denver,CO,39.722036,-104.9955,549809
585,2640 Williams Street,80210,Denver,CO,39.668611,-104.966123,535849
586,1823 East Warren Avenue,,,,,,
587,2361 Tremont Place,80205,Denver,CO,39.750681,-104.980316,899628
588,4544 Zuni Street,80211,Denver,CO,39.778807,-105.015503,642850
589,1368 Mariposa Street,80204,Denver,CO,39.738156,-105.002419,437814
590,2826 West 38th Avenue,80211,Denver,CO,39.768947,-105.022755,479305
591,670 Fox Street,80204,Denver,CO,39.726982,-104.994879,659422
592,1439 Adams Street,,,,,,
593,601 East 16th Avenue,80203,Denver,CO,39.741864,-104.979789,629745
594,3516 Gilpin Street,80205,Denver,CO,39.766156,-104.966829,447320
595,2969 Monroe Street,80210,Denver,CO,39.663008,-104.945003,713451
596,3560 Wynkoop Street,80216,Denver,CO,39.770306,-104.976889,
597,19684 East 40th Avenue,,,,,,
598,930 Lowell Boulevard,80219,Denver,CO,39.699834,-105.034213,296812
599,2789 Broadway,,,,,,
600,3956 Alcott Street,80211,Denver,CO,39.771572,-105.017073,507817
601,2514 South Humboldt Street,80210,Denver,CO,39.670995,-104.96963,482016
602,1610 Ames Court,80214,Lakewood,CO,39.742707,-105.054573,301044
603,814 24th Street,80205,Denver,CO,39.753358,-104.983824,421087
604,3139 West Conejos Place,80204,Denver,CO,39.74181,-105.027967,352897
605,700 Kalamath Street,80204,Denver,CO,39.703037,-105.000164,
606,714 South Fillmore Street,80209,Denver,CO,39.703404,-104.953177,921991
607,4586 Fraser Way,80239,Denver,CO,39.77573,-104.81311,333042
608,4459 West 14th Avenue,,,,,,
609,2623 South Vine Street,80210,Denver,CO,39.669004,-104.963251,608886
610,3721 Tejon Street,80211,Denver,CO,39.768488,-105.011511,585613
611,801 South Cherry Street,80246,Denver,CO,39.701957,-104.934843,
612,2523 Tremont Place,80205,Denver,CO,39.752089,-104.978477,426315
613,2785 South Grant Street,80123,Littleton,CO,39.621196,-105.020295,453225
614,2501 Bryant Street,80211,Denver,CO,39.75376,-105.019381,832610
615,1826 South Marion Street,,,,,,
616,306 Washington Street,80233,Northglenn,CO,39.909364,-104.979289,
617,2515 South Franklin Street,80210,Denver,CO,39.670999,-104.969097,497665
618,612 Clayton Street,80206,Denver,CO,39.725912,-104.955205,676017
619,4524 Utica Street,80212,Denver,CO,39.778897,-105.044806,889492
620,4895 Zuni Street,80221,Denver,CO,39.785469,-105.016176,340497
621,4935 West 33rd Avenue,80212,Denver,CO,39.764142,-105.050439,709070
622,1663 Trenton Street,80231,Denver,CO,39.685847,-104.897288,428341
623,18963 East 53rd Avenue,80249,Denver,CO,39.792077,-104.765379,357279
624,2064 South Lafayette Street,80210,Denver,CO,39.679108,-104.970764,466569
625,1250 26th Street,80205,Denver,CO,39.758018,-104.984991,927976
626,8046 East 49th Place,,,,,,
627,3050 West 32nd Avenue,80211,Denver,CO,39.761766,-105.026398,280862
628,1356 Utica Street,80204,Denver,CO,39.73768,-105.044839,665795
629,1422 Tennyson Street,80204,Denver,CO,39.738969,-105.043662,440270
630,5248 East 26th Avenue,,,,,,
631,997 Osceola Street,80204,Denver,CO,39.732824,-105.038593,331147
632,2758 West 22nd Avenue,80211,Denver,CO,39.749824,-105.021398,687630
633,3390 West Iowa Avenue,80219,Denver,CO,39.687407,-105.030994,344670
634,3013 Monroe Street,,,,,,
635,244 Pennsylvania Street,80203,Denver,CO,39.720059,-104.98112,513255
636,4685 Argonne Street,,,,,,
637,2663 South Delaware Street,,,,,,
638,2727 West 46th Avenue,80211,Denver,CO,39.780456,-105.021273,557246
639,3444 Gilpin Street,80205,Denver,CO,39.76541,-104.966844,515697
640,1101 Emerson Street,80218,Denver,CO,39.73383,-104.97675,
641,1734 Julian Street,80204,Denver,CO,39.74477,-105.031129,438471
642,20029 East 40th Avenue,,,,,,
643,3535 East 31st Avenue,,,,,,
644,10303 East 29th Drive,,,,,,
645,1422 Jersey Street,80220,Denver,CO,39.73879,-104.9194,
646,468 South Logan Street,80209,Denver,CO,39.708079,-104.982344,600510
647,2413 Washington Street,,,,,,
648,76 Lincoln Street,80209,Denver,CO,39.715137,-104.9859,447578
649,4880 Irving Street,80221,Denver,CO,39.785333,-105.029561,397433
650,1848 South Gilpin Street,,,,,,
651,5971 East Iliff Avenue,,,,,,
652,1300 West Colfax Avenue,80204,Denver,CO,39.739696,-105.011845,
653,4168 Zenobia Street,80212,Denver,CO,39.774178,-105.051731,550652
654,2445 Ames Street,80214,Edgewater,CO,39.752053,-105.054783,534463
655,4150 East Cornell Avenue,80222,Denver,CO,39.663156,-104.939798,441379
656,4863 Quitman Street,80212,Denver,CO,39.784925,-105.040718,432365
657,132 West Iowa Avenue,,,,,,
658,820 West 8th Avenue,80204,Denver,CO,39.728726,-104.9982,
659,3628 High Street,80205,Denver,CO,39.767514,-104.964358,407565
660,3259 East Mississippi Avenue,,,,,,
661,1586 Hooker Street,80204,Denver,CO,39.742349,-105.028011,
662,2713 West 25th Avenue,80211,Denver,CO,39.753945,-105.021029,694347
663,250 South Quebec Street,80231,Denver,CO,39.692786,-104.89635,305222
664,476 Clarkson Street,80218,Denver,CO,39.723909,-104.977234,588780
665,2626 Curtis Street,80205,Denver,CO,39.756674,-104.982032,823242
666,3095 South Race Street,80210,Denver,CO,39.660592,-104.965407,607841
667,4032 Lipan Street,80211,Denver,CO,39.772387,-105.001415,529602
668,3519 Shoshone Street,,,,,,
669,2340 Blake Street,80205,Denver,CO,39.75744,-104.989661,397869
670,2844 Meade Street,80211,Denver,CO,39.758069,-105.035428,868253
671,2300 East 31st Avenue,,,,,,
672,5173 Decatur Street,80221,Denver,CO,39.790626,-105.021934,333755
673,1175 East 11th Avenue,80218,Denver,CO,39.733848,-104.973285,960068
674,3048 Buchtel Boulevard South,,,,,,
675,3909 Himalaya Road,,,,,,
676,1048 Jasmine Street,,,,,,
677,1757 West 34th Avenue,80211,Denver,CO,39.764682,-105.007778,808265
678,2502 South Williams Street,80210,Denver,CO,39.671045,-104.9661,447985
679,4595 Meade Street,80211,Denver,CO,39.780059,-105.036081,516510
680,3548 Elizabeth Street,80205,Denver,CO,39.766545,-104.95563,481791
681,2407 East 27th Avenue,,,,,,
682,685 Clarkson Street,80209,Denver,CO,39.70419,-104.978402,644809
683,820 15th Street,80202,Denver,CO,39.745259,-104.995032,
684,523 26th Street,80205,Denver,CO,39.753631,-104.978702,533931
685,5134 Milwaukee Street,,,,,,
686,19615 East 49th Avenue,,,,,,
687,1693 South Knox Court,80219,Denver,CO,39.685266,-105.03277,359777
688,372 South Grant Street,80209,Denver,CO,39.709769,-104.983694,814406
689,115 South Bannock Street,80223,Denver,CO,39.714433,-104.990296,561770
690,1274 Newton Street,80204,Denver,CO,39.736089,-105.036588,
691,251 South Colorado Boulevard,80246,Denver,CO,39.712296,-104.940863,
692,2126 South Pennsylvania Street,,,,,,
693,705 Stuart Street,80204,Denver,CO,39.728485,-105.043028,570916
694,101 South Newton Street,80219,Denver,CO,39.714807,-105.037628,392701
695,13085 East 55th Avenue,80239,Denver,CO,39.793362,-104.836141,333879
696,2246 Larimer Street,80205,Denver,CO,39.755287,-104.989024,
697,2738 Josephine Street,80205,Denver,CO,39.756437,-104.958222,493193
698,73 Lincoln Street,80203,Denver,CO,39.717782,-104.986574,988739
699,1415 Tremont Place,,,,,,
700,1330 Glenarm Place,,,,,,
701,1415 Tremont Place,,,,,,
702,1415 Tremont Place,,,,,,
703,4359 East Virginia Avenue,,,,,,
704,3430 Sheridan Boulevard,80212,Denver,CO,39.76535,-105.052914,569688
705,781 Birch Street,80220,Denver,CO,39.727132,-104.936312,676578
706,1420 Stout Street,,,,,,
707,1400 Welton Street,,,,,,
708,2956 Champa Street,80205,Denver,CO,39.759258,-104.976993,442441
709,1901 South Washington Street,80210,Denver,CO,39.682013,-104.979649,598140
710,161 South Emerson Street,80209,Denver,CO,39.71359,-104.9772,306201
711,3136 Perry Street,80212,Denver,CO,39.761494,-105.039245,341766
712,5269 East Asbury Avenue,80222,Denver,CO,39.680639,-104.925363,451050
713,31 East 3rd Avenue,,,,,,
714,2301 Curtis Street,80202,Denver,CO,39.748485,-104.992609,
715,3433 Clay Street,80211,Denver,CO,39.765082,-105.020837,633412
716,10580 East 29th Drive,,,,,,
717,1896 South Lafayette Street,,,,,,
718,8007 East 29th Avenue,80238,Denver,CO,39.758326,-104.895372,724126
719,3801 West Colfax Avenue,80204,Denver,CO,39.734867,-105.037073,414597
720,5298 East 25th Avenue,,,,,,
721,4245 Pecos Street,80211,Denver,CO,39.774961,-105.006745,640196
722,1565 Raleigh Street,80204,Denver,CO,39.741519,-105.041675,
723,1650 South Julian Way,80219,Denver,CO,39.686507,-105.031295,372388
724,5209 Martin Luther King Jr Boulevard,,,,,,
725,2734 Clayton Street,80205,Denver,CO,39.756444,-104.954512,485875
726,1891 South Pennsylvania Street,80210,Denver,CO,39.682323,-104.98195,693347
727,3823 Gilpin Street,80205,Denver,CO,39.770512,-104.967527,581370
728,1921 West 37th Avenue,80211,Denver,CO,39.768345,-105.010342,1233532
729,388 South Downing Street,80209,Denver,CO,39.709526,-104.973065,537887
730,1383 Raleigh Street,80204,Denver,CO,39.737986,-105.041986,
731,774 East 7th Avenue,80203,Denver,CO,39.727136,-104.977847,772317
732,3400 Gaylord Street,80205,Denver,CO,39.764656,-104.960638,531245
733,500 East 19th Avenue,,,,,,
734,3606 Marion Street,80205,Denver,CO,39.767139,-104.971735,409414
735,569 Williams Street,80209,Denver,CO,39.70629,-104.966641,800955
736,3227 Curtis Street,80205,Denver,CO,39.762744,-104.97519,634297
737,1925 South Lincoln Street,80210,Denver,CO,39.681587,-104.986669,566865
738,4035 West 27th Avenue,80212,Denver,CO,39.756906,-105.040293,349579
739,1890 South Washington Street,80210,Denver,CO,39.682313,-104.97902,1324862
740,6560 East Tennessee Avenue,,,,,,
741,2759 West 34th Avenue,80211,Denver,CO,39.76466,-105.021865,704552
742,719 West 8th Avenue,,,,,,
743,2749 Osceola Street,80212,Denver,CO,39.756985,-105.038433,617195
744,3620 Mariposa Street,80211,Denver,CO,39.767314,-105.002639,440861
745,870 Madison Street,80206,Denver,CO,39.73031,-104.945873,604563
746,3827 Lafayette Street,80205,Denver,CO,39.768683,-104.971215,415280
747,77 Pearl Street,80203,Denver,CO,39.717953,-104.980598,342577
748,2330 West Scott Place,80211,Denver,CO,39.778719,-105.014815,759278
749,901 West 7th Avenue,,,,,,
750,1225 Detroit Street,80206,Denver,CO,39.735713,-104.954289,821931
751,401 South Perry Street,80219,Denver,CO,39.70929,-105.040031,367113
752,3041 Humboldt Street,80205,Denver,CO,39.760256,-104.969994,431498
753,3241 Navajo Street,80211,Denver,CO,39.762823,-105.00444,456210
754,2155 Downing Street,80205,Denver,CO,39.749071,-104.973597,539787
755,2782 Cherry Street,,,,,,
756,3215 West 30th Avenue,80211,Denver,CO,39.760471,-105.028558,452900
757,2040 Hooker Street,80211,Denver,CO,39.748419,-105.027873,509956
758,1331 Marion Street,80218,Denver,CO,39.737483,-104.972169,862574
759,3143 Arapahoe Street,,,,,,
760,5186 Fraser Street,80239,Denver,CO,39.787218,-104.811172,379237
761,711 South Clay Street,80219,Denver,CO,39.703572,-105.020701,359040
762,2944 South Eaton Street,80227,Denver,CO,39.660919,-105.055086,401782
763,2417 California Street,,,,,,
764,2663 Champa Street,80205,Denver,CO,39.756869,-104.981027,1022405
765,1690 Milwaukee Street,80206,Denver,CO,39.743524,-104.952275,1435072
766,3554 Humboldt Street,80205,Denver,CO,39.766767,-104.969301,820040
767,4276 Iran Street,,,,,,
768,2351 Glenarm Place,80205,Denver,CO,39.751272,-104.981286,932917
769,7324 East Princeton Avenue,80237,Denver,CO,39.640431,-104.903634,257387
770,1545 Hooker Street,80204,Denver,CO,39.741235,-105.028754,1168785
771,7221 East 16th Avenue,,,,,,
772,3532 Osage Street,80211,Denver,CO,39.766312,-105.004973,432465
773,1700 West Burlington Place,80221,Denver,CO,39.78922,-105.006605,557175
774,3506 Osage Street,80211,Denver,CO,39.765754,-105.004959,978805
775,2893 Albion Street,,,,,,
776,1812 South Sherman Street,80210,Denver,CO,39.683617,-104.984865,1251041
777,1124 West 11th Avenue,80204,Denver,CO,39.733501,-105.002299,330994
778,1401 Wolff Street,80204,Denver,CO,39.738659,-105.048997,618082
779,126 East Arkansas Avenue,,,,,,
780,3725 Jason Street,80211,Denver,CO,39.76847,-104.999716,
781,1263 Hudson Street,80220,Denver,CO,39.735813,-104.923762,513181
782,1975 East Colfax Avenue,,,,,,
783,4155 East 11th Avenue,,,,,,
784,4153 East 11th Avenue,,,,,,
785,751 Galapago Street,80204,Denver,CO,39.728276,-104.996704,771617
786,3233 Vallejo Street,80211,Denver,CO,39.762602,-105.013302,365137
787,4111 East 11th Avenue,,,,,,
788,1175 South Steele Street,80210,Denver,CO,39.695184,-104.950366,1301143
789,2722 Ivy Street,80022,Commerce City,CO,39.827911,-104.919377,278830
790,3819 West 50th Avenue,80221,Denver,CO,39.787574,-105.037259,407756
791,3311 West 20th Avenue,80211,Denver,CO,39.747835,-105.030366,613715
792,2634 West 33rd Avenue,80211,Denver,CO,39.763071,-105.019782,427227
793,300 East 9th Avenue,,,,,,
794,4700 West 17th Avenue,80204,Denver,CO,39.743576,-105.047844,
795,5071 Akron Street,,,,,,
796,3256 Quivas Street,80211,Denver,CO,39.762861,-105.007561,647121
797,1355 Corona Street,80218,Denver,CO,39.737861,-104.974449,657353
798,2140 Arapahoe Street,,,,,,
799,1015 Corona Street,80218,Denver,CO,39.732419,-104.974411,828875
800,1572 Vrain Street,,,,,,
801,3311 Clay Street,80211,Denver,CO,39.763499,-105.020816,629701
802,674 South Vine Street,,,,,,
803,1543 Newton Street,80204,Denver,CO,39.741345,-105.037315,585740
804,4950 Clay Street,80221,Denver,CO,39.786588,-105.020159,382016
805,2213 South Broadway,,,,,,
806,1 1211,80206,Denver,CO,39.717417,-104.949303,
807,917 Knox Court,80204,Denver,CO,39.73149,-105.032449,371605
808,421 West 4th Avenue,80223,Denver,CO,39.722776,-104.993674,
809,3885 Osceola Street,80212,Denver,CO,39.771036,-105.038461,
810,2821 Stout Street,80205,Denver,CO,39.757609,-104.978336,644275
811,4039 Bryant Street,80211,Denver,CO,39.772479,-105.019311,521960
812,8101 Martin Luther King Jr. Boulevard,,,,,,
813,4599 Cook Street,,,,,,
814,4124 Osage Street,80211,Denver,CO,39.773528,-105.005058,460230
815,3121 York Street,80205,Denver,CO,39.761203,-104.960081,590735
816,101 East 2nd Avenue,80203,Denver,CO,39.719538,-104.986062,662234
817,1720 East 33rd Avenue,80205,Denver,CO,39.763077,-104.966442,490069
818,118 South Dale Court,80219,Denver,CO,39.71444,-105.021221,343351
819,2200 West 29th Avenue,80211,Denver,CO,39.758155,-105.013507,
820,661 Quitman Street,80204,Denver,CO,39.727961,-105.040857,352268
821,3622 Marion Street,,,,,,
822,2660 Walnut Street,,,,,,
823,2123 Gaylord Street,80205,Denver,CO,39.748661,-104.96134,1124643
824,3115 West 28th Avenue,80211,Denver,CO,39.757584,-105.026955,
825,3301 Lawrence Street,80205,Denver,CO,39.764933,-104.975818,
826,1899 Wynkoop Street,,,,,,
827,9095 Prairie Meadow Drive,80238,Denver,CO,39.793978,-104.894652,1196131
828,3335 Lafayette Street,,,,,,
829,4670 Perry Street,80212,Denver,CO,39.781572,-105.038934,568533
830,4310 Sherman Street,80216,Denver,CO,39.775431,-104.984981,
831,1635 East Colfax Avenue,,,,,,
832,2761 West Wesley Avenue,,,,,,
833,135 West Irvington Place,80223,Denver,CO,39.717736,-104.990117,793522
834,3008 Fairfax Street,,,,,,
835,2561 Ash Street,80207,Denver,CO,39.754178,-104.938643,667088
836,4141 Tejon Street,80211,Denver,CO,39.773721,-105.011542,645889
837,2845 Umatilla Street,80211,Denver,CO,39.758085,-105.01202,391123
838,709 31st Street,80205,Denver,CO,39.759511,-104.974128,479050
839,4456 Alcott Street,80211,Denver,CO,39.777623,-105.016715,532229
840,1749 South Milwaukee Street,80210,Denver,CO,39.685138,-104.951841,
841,2432 West 32nd Avenue,,,,,,
842,2714 West Wesley Avenue,80219,Denver,CO,39.672959,-105.01984,317989
843,765 Emerson Street,80209,Denver,CO,39.702619,-104.977239,876366
844,2235 Federal Boulevard,,,,,,
845,2342 Larimer Street,80205,Denver,CO,39.755853,-104.988022,4545441
846,3383 West 31st Avenue,80211,Denver,CO,39.761458,-105.031865,817532
847,4433 East 16th Avenue,80220,Denver,CO,39.741817,-104.936361,412504
848,1112 Saint Paul Street,80206,Denver,CO,39.733974,-104.950264,
849,463 Osceola Street,80204,Denver,CO,39.724092,-105.038656,347375
850,2522 Vine Street,80205,Denver,CO,39.753709,-104.961856,551049
851,3904 Winona Court,80212,Denver,CO,39.771278,-105.047113,600939
852,2541 East 28th Avenue,,,,,,
853,1161 Fillmore Street,80206,Denver,CO,39.734725,-104.953228,567685
854,5317 East Mississippi Avenue,,,,,,
855,3132 Umatilla Street,80211,Denver,CO,39.761553,-105.011477,365204
856,5599 Martin Luther King Jr Boulevard,,,,,,
857,789 Sherman Street,,,,,,
858,926 Garfield Street,80206,Denver,CO,39.731053,-104.943666,730654
859,854 Pearl Street,80203,Denver,CO,39.730099,-104.979602,992049
860,4628 East Montview Boulevard,,,,,,
861,1298 East 38th Avenue,,,,,,
862,3927 Yates Street,80212,Denver,CO,39.77159,-105.051218,540072
863,2309 West 30th Avenue,80211,Denver,CO,39.759848,-105.015028,492241
864,690 Pennsylvania Street,80209,Denver,CO,39.704069,-104.981339,434612
865,1420 Stout Street,,,,,,
866,3501 Perry Street,80212,Denver,CO,39.766059,-105.039501,556856
867,2667 East 28th Avenue,,,,,,
868,820 Fox Street,80204,Denver,CO,39.729402,-104.994965,486313
869,4495 Vrain Street,80212,Denver,CO,39.778223,-105.04659,751099
870,1372 Marion Street,,,,,,
871,3435 Marion Street,80205,Denver,CO,39.765196,-104.97246,435943
872,3601 Navajo Street,80211,Denver,CO,39.767003,-105.004266,439058
873,3459 Race Street,80205,Denver,CO,39.765584,-104.963788,590286
874,1575 West 43rd Avenue,80211,Denver,CO,39.775837,-105.005996,546759
875,1901 East 20th Avenue,80205,Denver,CO,39.747056,-104.964381,
876,5858 West Bates Avenue,,,,,,
877,4311 East 12th Avenue,,,,,,
878,2557 West Dunkeld Place,80211,Denver,CO,39.760631,-105.019547,379440
879,313 West Bayaud Avenue,,,,,,
880,779 South Utica Street,80219,Denver,CO,39.702647,-105.046358,308430
881,1948 South Williams Street,,,,,,
882,1857 West 35th Avenue,80211,Denver,CO,39.765828,-105.009412,815334
883,4831 Tejon Street,80221,Denver,CO,39.784361,-105.011521,415166
884,1295 West 10th Avenue,,,,,,
885,612 East 11th Avenue,80203,Denver,CO,39.733436,-104.979521,335354
886,820 Lipan Street,80204,Denver,CO,39.729324,-105.001231,440375
887,8744 East Kenyon Avenue,,,,,,
888,1848 Ivanhoe Street,,,,,,
889,548 Pearl Street,80209,Denver,CO,39.706555,-104.980101,827871
890,1200 South Sherman Street,80210,Denver,CO,39.694614,-104.984756,765500
891,2459 Gaylord Street,80205,Denver,CO,39.75303,-104.961322,640701
892,2968 South Patton Court,80236,Denver,CO,39.661824,-105.040132,402133
893,3928 Newton Street,80211,Denver,CO,39.771906,-105.036668,503608
894,1877 Gaylord Street,80206,Denver,CO,39.746182,-104.961344,795481
895,1877 Gaylord Street,80206,Denver,CO,39.746182,-104.961344,795481
